"programme","module_code","competency","level"
"Biology — Biodiversity and Sustainability","BIOU1IE","Systems Thinking","0"
"Biology — Biodiversity and Sustainability","SCIU1FI","Systems Thinking","0"
"Biology — Biodiversity and Sustainability","BIOU2PH","Critical Thinking","2"
"Biology — Biodiversity and Sustainability","BIOU2CE","Adaptability","2"
"Biology — Biodiversity and Sustainability","BIOU2CE","Critical Thinking","2"
"Biology — Biodiversity and Sustainability","BIOU2CE","Innovation","1"
"Biology — Biodiversity and Sustainability","BIOU2CE","Integrated Problem Solving","2"
"Biology — Biodiversity and Sustainability","BIOU2CE","Self-Awareness","1"
"Biology — Biodiversity and Sustainability","BIOU2PH","Systems Thinking","1"
"Biology — Biodiversity and Sustainability","BIOU2CE","Systems Thinking","2"
"Biology — Biodiversity and Sustainability","BIOU3GE","Critical Thinking","2"
"Biology — Biodiversity and Sustainability","BIOU3GE","Integrated Problem Solving","2"
"Biology — Biodiversity and Sustainability","BIOU3GE","Self-Awareness","1"
"Biology — Biodiversity and Sustainability","SCIU3FB","Adaptability","1"
"Biology — Biodiversity and Sustainability","SCIU3FB","Critical Thinking","1"
"Biology — Biodiversity and Sustainability","SCIU3FB","Innovation","1"
"Biology — Biodiversity and Sustainability","SCIU3FB","Teamwork & Collaboration","1"
"Biology — Biodiversity and Sustainability","SCIU3LS","Adaptability","1"
"Biology — Biodiversity and Sustainability","SCIU3LS","Critical Thinking","1"
"Biology — Biodiversity and Sustainability","SCIU3LS","Integrated Problem Solving","1"
"Biology — Biodiversity and Sustainability","SCIU3LS","Self-Awareness","1"
"Biology — Biodiversity and Sustainability","SCIU3LS","Teamwork & Collaboration","1"
"Biology — Biodiversity and Sustainability","BIOU3GE","Systems Thinking","2"
"Biology — Biodiversity and Sustainability","SCIU3FB","Systems Thinking","1"
"Biology — Biodiversity and Sustainability","SCIU3LS","Systems Thinking","1"
"Biology — Biodiversity and Sustainability","SCIU4T4","Critical Thinking","2"
"Biology — Biodiversity and Sustainability","SCIU4T4","Innovation","1"
"Biology — Biodiversity and Sustainability","SCIU4T4","Self-Awareness","1"
"Biology — Biodiversity and Sustainability","BIOU4BD","Systems Thinking","0"
"Biology — Biodiversity and Sustainability","SCIU4T4","Systems Thinking","1"
"Biology — Biodiversity and Sustainability","BIOU9PC","Adaptability","2"
"Biology — Biodiversity and Sustainability","BIOU9PC","Critical Thinking","3"
"Biology — Biodiversity and Sustainability","BIOU9PC","Integrated Problem Solving","2"
"Biology — Biodiversity and Sustainability","BIOU9PC","Self-Awareness","1"
"Biology — Biodiversity and Sustainability","BIOU9PC","Teamwork & Collaboration","2"
"Biology — Biodiversity and Sustainability","BIOU9PC","Systems Thinking","2"
"Biology — Biodiversity and Sustainability","BIOU6PE","Adaptability","2"
"Biology — Biodiversity and Sustainability","BIOU6PE","Norms and Conflict Resolution","2"
"Biology — Biodiversity and Sustainability","BIOU6PE","Critical Thinking","3"
"Biology — Biodiversity and Sustainability","BIOU6PE","Innovation","3"
"Biology — Biodiversity and Sustainability","BIOU6PE","Integrated Problem Solving","3"
"Biology — Biodiversity and Sustainability","BIOU6PE","Self-Awareness","2"
"Biology — Biodiversity and Sustainability","BIOU6PE","Teamwork & Collaboration","2"
"Biology — Biodiversity and Sustainability","BIOU6PE","Systems Thinking","3"
"Biology — Biodiversity and Sustainability","ENVU9BC","Systems Thinking","0"
"Biology — Biodiversity and Sustainability","ENVU9WM","Adaptability","1"
"Biology — Biodiversity and Sustainability","ENVU9WM","Norms and Conflict Resolution","2"
"Biology — Biodiversity and Sustainability","ENVU9WM","Critical Thinking","3"
"Biology — Biodiversity and Sustainability","ENVU9WM","Innovation","2"
"Biology — Biodiversity and Sustainability","ENVU9WM","Integrated Problem Solving","2"
"Biology — Biodiversity and Sustainability","SCIU9PS","Systems Thinking","0"
"Biology — Biodiversity and Sustainability","ENVU9WM","Systems Thinking","2"
"Biology — Biodiversity and Sustainability","SCIU9PR","Adaptability","3"
"Biology — Biodiversity and Sustainability","SCIU9PR","Norms and Conflict Resolution","3"
"Biology — Biodiversity and Sustainability","SCIU9PR","Critical Thinking","3"
"Biology — Biodiversity and Sustainability","SCIU9PR","Innovation","3"
"Biology — Biodiversity and Sustainability","SCIU9PR","Integrated Problem Solving","3"
"Biology — Biodiversity and Sustainability","SCIU9PR","Self-Awareness","3"
"Biology — Biodiversity and Sustainability","SCIU9PR","Teamwork & Collaboration","3"
"Biology — Biodiversity and Sustainability","SCIU9PR","Systems Thinking","3"
"Biology — Data Analysis and Biostatistics","BIOU1IE","Systems Thinking","0"
"Biology — Data Analysis and Biostatistics","SCIU1FI","Systems Thinking","0"
"Biology — Data Analysis and Biostatistics","BIOU2PH","Critical Thinking","2"
"Biology — Data Analysis and Biostatistics","BIOU2CE","Adaptability","2"
"Biology — Data Analysis and Biostatistics","BIOU2CE","Critical Thinking","2"
"Biology — Data Analysis and Biostatistics","BIOU2CE","Innovation","1"
"Biology — Data Analysis and Biostatistics","BIOU2CE","Integrated Problem Solving","2"
"Biology — Data Analysis and Biostatistics","BIOU2CE","Self-Awareness","1"
"Biology — Data Analysis and Biostatistics","BIOU2PH","Systems Thinking","1"
"Biology — Data Analysis and Biostatistics","BIOU2CE","Systems Thinking","2"
"Biology — Data Analysis and Biostatistics","BIOU3GE","Critical Thinking","2"
"Biology — Data Analysis and Biostatistics","BIOU3GE","Integrated Problem Solving","2"
"Biology — Data Analysis and Biostatistics","BIOU3GE","Self-Awareness","1"
"Biology — Data Analysis and Biostatistics","SCIU3FB","Adaptability","1"
"Biology — Data Analysis and Biostatistics","SCIU3FB","Critical Thinking","1"
"Biology — Data Analysis and Biostatistics","SCIU3FB","Innovation","1"
"Biology — Data Analysis and Biostatistics","SCIU3FB","Teamwork & Collaboration","1"
"Biology — Data Analysis and Biostatistics","SCIU3LS","Adaptability","1"
"Biology — Data Analysis and Biostatistics","SCIU3LS","Critical Thinking","1"
"Biology — Data Analysis and Biostatistics","SCIU3LS","Integrated Problem Solving","1"
"Biology — Data Analysis and Biostatistics","SCIU3LS","Self-Awareness","1"
"Biology — Data Analysis and Biostatistics","SCIU3LS","Teamwork & Collaboration","1"
"Biology — Data Analysis and Biostatistics","BIOU3GE","Systems Thinking","2"
"Biology — Data Analysis and Biostatistics","SCIU3FB","Systems Thinking","1"
"Biology — Data Analysis and Biostatistics","SCIU3LS","Systems Thinking","1"
"Biology — Data Analysis and Biostatistics","SCIU4T4","Critical Thinking","2"
"Biology — Data Analysis and Biostatistics","SCIU4T4","Innovation","1"
"Biology — Data Analysis and Biostatistics","SCIU4T4","Self-Awareness","1"
"Biology — Data Analysis and Biostatistics","BIOU4BD","Systems Thinking","0"
"Biology — Data Analysis and Biostatistics","SCIU4T4","Systems Thinking","1"
"Biology — Data Analysis and Biostatistics","SCIU7SR","Adaptability","2"
"Biology — Data Analysis and Biostatistics","SCIU7SR","Critical Thinking","3"
"Biology — Data Analysis and Biostatistics","SCIU7SR","Innovation","2"
"Biology — Data Analysis and Biostatistics","SCIU7SR","Integrated Problem Solving","3"
"Biology — Data Analysis and Biostatistics","SCIU7SR","Systems Thinking","3"
"Biology — Data Analysis and Biostatistics","BIOU6PE","Adaptability","2"
"Biology — Data Analysis and Biostatistics","BIOU6PE","Norms and Conflict Resolution","2"
"Biology — Data Analysis and Biostatistics","BIOU6PE","Critical Thinking","3"
"Biology — Data Analysis and Biostatistics","BIOU6PE","Innovation","3"
"Biology — Data Analysis and Biostatistics","BIOU6PE","Integrated Problem Solving","3"
"Biology — Data Analysis and Biostatistics","BIOU6PE","Self-Awareness","2"
"Biology — Data Analysis and Biostatistics","BIOU6PE","Teamwork & Collaboration","2"
"Biology — Data Analysis and Biostatistics","BIOU6PE","Systems Thinking","3"
"Biology — Data Analysis and Biostatistics","BIOU9IN","Systems Thinking","0"
"Biology — Data Analysis and Biostatistics","BIOU7SB","Adaptability","2"
"Biology — Data Analysis and Biostatistics","BIOU7SB","Critical Thinking","3"
"Biology — Data Analysis and Biostatistics","BIOU7SB","Innovation","2"
"Biology — Data Analysis and Biostatistics","SCIU9PS","Systems Thinking","0"
"Biology — Data Analysis and Biostatistics","BIOU7SB","Systems Thinking","2"
"Biology — Data Analysis and Biostatistics","SCIU9PR","Adaptability","3"
"Biology — Data Analysis and Biostatistics","SCIU9PR","Norms and Conflict Resolution","3"
"Biology — Data Analysis and Biostatistics","SCIU9PR","Critical Thinking","3"
"Biology — Data Analysis and Biostatistics","SCIU9PR","Innovation","3"
"Biology — Data Analysis and Biostatistics","SCIU9PR","Integrated Problem Solving","3"
"Biology — Data Analysis and Biostatistics","SCIU9PR","Self-Awareness","3"
"Biology — Data Analysis and Biostatistics","SCIU9PR","Teamwork & Collaboration","3"
"Biology — Data Analysis and Biostatistics","SCIU9PR","Systems Thinking","3"
