"module_code","topic"
"ENVU9EO","Agriculture"
"ENVU9EO","Atmospheric Science"
"ENVU9EO","Climate Science"
"ENVU9EO","Forestry"
"ENVU9EO","Geography"
"ENVU9EO","Geospatial Science"
"ENVU9EO","Pollution"
"EPLPPG1","Agriculture"
"EPLPPG1","Atmospheric Science"
"EPLPPG1","Climate Science"
"EPLPPG1","Forestry"
"EPLPPG1","Geography"
"EPLPPG1","Geology"
"EPLPPG1","Geospatial Science"
"EPLPPG1","Pollution"
"ENVU4E4","Atmospheric Science"
"ENVU4E4","Biology"
"ENVU4E4","Ecology"
"ENVU4E4","Forestry"
"ENVU4E4","Geography"
"ENVU4E4","Hydrology"
"ENVU4E4","Resource Exploitation"
"ENVU4E4","Soil Science"
"ENVU4E4","Sustainability"
"BIOU6PE","Climate Science"
"BIOU6PE","Conservation"
"BIOU6PE","Ecology"
"ENVU9FC","Agriculture"
"ENVU9FC","Biology"
"ENVU9FC","Climate Science"
"ENVU9FC","Conservation"
"ENVU9FC","Ecology"
"ENVU9FC","Energy"
"ENVU9FC","Forestry"
"ENVU9FC","Geography"
"ENVU9FC","Geology"
"ENVU9FC","Hydrology"
"ENVU9FC","Pollution"
"ENVU9FC","Sustainability"
"ENVU9FC","Water Resources"
"BIOU6BE","Biology"
"BIOU6BE","Ecology"
"BIOU9AP","Biology"
"BIOU2PH","Biology"
"BIOU2PH","Chemistry"
"ENVU5S5","Agriculture"
"ENVU5S5","Biology"
"ENVU5S5","Chemistry"
"ENVU5S5","Climate Science"
"ENVU5S5","Conservation"
"ENVU5S5","Ecology"
"ENVU5S5","Soil Science"
"ENVU5S5","Sustainability"
"ENVU9WM","Agriculture"
"ENVU9WM","Geography"
"ENVU9WM","Hydrology"
"ENVU9WM","Pollution"
"ENVU9WM","Sustainability"
"ENVU9WM","Waste Management"
"ENVU9WM","Water Resources"
"GEOU2GE","Agriculture"
"GEOU2GE","Atmospheric Science"
"GEOU2GE","Climate Science"
"GEOU2GE","Geography"
"GEOU2GE","Pollution"
"GEOU2GE","Resource Exploitation"
"GEOU2GE","Sustainability"
"GEOU2GE","Waste Management"
"GEOU2GE","Water Resources"
"BIOU2CE","Biology"
"BIOU7CM","Biology"
"BIOU5MB","Biology"
"GEOU6GI","Agriculture"
"GEOU6GI","Energy"
"GEOU6GI","Geography"
"GEOU6GI","Pollution"
"GEOU6GI","Resource Exploitation"
"GEOU6GI","Sustainability"
"GEOU6GI","Waste Management"
"GEOU6GI","Water Resources"
"BIOU9CP","Aquaculture"
"BIOU9CP","Biology"
"GEOU4ER","Climate Science"
"GEOU4ER","Geography"
"GEOU4ER","Geospatial Science"
"GEOU4ER","Hydrology"
"BIOU7SB","Biology"
"BIOU7SB","Ecology"
"BIOU9PL","Agriculture"
"BIOU9PL","Aquaculture"
"BIOU9PL","Biology"
"BIOU9PL","Chemistry"
"BIOU9PL","Ecology"
"BIOU9PL","Energy"
"BIOU9PC","Biology"
"BIOU9PC","Conservation"
"BIOU9PC","Ecology"
"ENVU6SP","Agriculture"
"ENVU6SP","Conservation"
"ENVU6SP","Energy"
"ENVU6SP","Forestry"
"ENVU6SP","Geography"
"ENVU6SP","Geospatial Science"
"ENVU6SP","Sustainability"
"ENVU5EP","Agriculture"
"ENVU5EP","Atmospheric Science"
"ENVU5EP","Climate Science"
"ENVU5EP","Conservation"
"ENVU5EP","Ecology"
"ENVU5EP","Energy"
"ENVU5EP","Forestry"
"ENVU5EP","Geography"
"ENVU5EP","Pollution"
"ENVU5EP","Resource Exploitation"
"ENVU5EP","Sustainability"
"ENVU5EP","Waste Management"
"ENVU5EP","Water Resources"
"ENVU1BP","Atmospheric Science"
"ENVU1BP","Biology"
"ENVU1BP","Chemistry"
"ENVU1BP","Climate Science"
"ENVU1BP","Ecology"
"ENVU1BP","Energy"
"ENVU1BP","Geography"
"ENVU1BP","Geology"
"ENVU1BP","Resource Exploitation"
"SCIU3FS","Agriculture"
"SCIU3FS","Biology"
"SCIU3FS","Climate Science"
"SCIU3FS","Conservation"
"SCIU3FS","Ecology"
"SCIU3FS","Forestry"
"SCIU3FS","Geography"
"SCIU3FS","Geospatial Science"
"SCIU3FS","Pollution"
"SCIU3FS","Soil Science"
"SCIU3FS","Sustainability"
"SCIU3FS","Waste Management"
"SCIU3FS","Water Resources"
"EOEU2OE","Conservation"
"EOEU2OE","Ecology"
"EOEU2OE","Geography"
"BIOU3GE","Agriculture"
"BIOU3GE","Biology"
"BIOU3GE","Conservation"
"EOEU4R4","Ecology"
"EOEU4R4","Geography"
"SCIU4T4","Biology"
"SCIU4T4","Climate Science"
"SCIU4T4","Conservation"
"SCIU4T4","Ecology"
"SCIU4T4","Geography"
"SCIU4T4","Soil Science"
"SCIU4T4","Sustainability"
"GEOU9IC","Climate Science"
"GEOU9IC","Ecology"
"GEOU9IC","Geography"
"GEOU9IC","Geology"
"GEOU9IC","Hydrology"
"GEOU9IC","Sustainability"
"BIOU6AC","Biology"
"GEOU9SP","Geography"
"GEOU9SP","Geospatial Science"
"ENMPG11","Geography"
"ENMPG11","Geospatial Science"
"BIOU7FC","Biology"
"BIOU7FC","Conservation"
"BIOU7FC","Ecology"
"BIOU8FC","Biology"
"BIOU8FC","Conservation"
"BIOU8FC","Ecology"
"BIOU9TM","Biology"
"BIOU9TM","Chemistry"
"BIOU9TM","Pollution"
"BIOU9TM","Sustainability"
"SCIU3LS","Biology"
"SCIU3LS","Chemistry"
"SCIU3LS","Physics"
"ENVU9MR","Agriculture"
"ENVU9MR","Climate Science"
"ENVU9MR","Conservation"
"ENVU9MR","Ecology"
"ENVU9MR","Forestry"
"ENVU9MR","Resource Exploitation"
"ENVU9MR","Sustainability"
"ENVU9MR","Water Resources"
"ENVU2LV","Atmospheric Science"
"ENVU2LV","Biology"
"ENVU2LV","Chemistry"
"ENVU2LV","Climate Science"
"ENVU2LV","Ecology"
"ENVU2LV","Geography"
"ENVU2LV","Geology"
"ENVU2LV","Geospatial Science"
"ENVU2LV","Hydrology"
"ENVU2LV","Soil Science"
"ENVU2LV","Sustainability"
"ENVU2LV","Water Resources"
"GEOU9SE","Energy"
"GEOU9SE","Geography"
"GEOU9SE","Pollution"
"GEOU9SE","Resource Exploitation"
"GEOU9SE","Sustainability"
"ENMPG22","Chemistry"
"ENMPG22","Conservation"
"ENMPG22","Ecology"
"ENMPG22","Energy"
"ENMPG22","Forestry"
"ENMPG22","Geography"
"ENMPG22","Geology"
"ENMPG22","Hydrology"
"ENMPG22","Soil Science"
"ENMPG22","Sustainability"
"ENMPG22","Water Resources"
"ENMPG17","Biology"
"ENMPG17","Conservation"
"ENMPG17","Ecology"
"ENMPG17","Forestry"
"ENMPG17","Sustainability"
"BIOU9SX","Biology"
"SCIU3FB","Biology"
"SCIU3FB","Conservation"
"SCIU3FB","Ecology"
"GEOU9EH","Climate Science"
"GEOU9EH","Geography"
"GEOU9EH","Geology"
"GEOU9EH","Pollution"
"ENMPG04","Agriculture"
"ENMPG04","Atmospheric Science"
"ENMPG04","Forestry"
"ENMPG04","Geography"
"ENMPG04","Hydrology"
"ENMPG04","Pollution"
"ENMPG04","Resource Exploitation"
"ENMPG04","Sustainability"
"ENMPG04","Waste Management"
"ENMPG04","Water Resources"
"BIOU9BC","Agriculture"
"BIOU9BC","Aquaculture"
"BIOU9BC","Biology"
"BIOU9BC","Climate Science"
"BIOU9BC","Conservation"
"BIOU9BC","Ecology"
"BIOU9BC","Energy"
"BIOU9BC","Pollution"
"BIOU9BC","Resource Exploitation"
"BIOU9BC","Sustainability"
"GEOU9GL","Climate Science"
"GEOU9GL","Geography"
"GEOU9GL","Geology"
"GEOU9GL","Geospatial Science"
"ENVU6EA","Chemistry"
"ENVU6EA","Physics"
"ENVU6EA","Pollution"
"ENVU6EA","Water Resources"
"SCIU9PR","Agriculture"
"SCIU9PR","Aquaculture"
"SCIU9PR","Atmospheric Science"
"SCIU9PR","Biology"
"SCIU9PR","Chemistry"
"SCIU9PR","Climate Science"
"SCIU9PR","Conservation"
"SCIU9PR","Ecology"
"SCIU9PR","Energy"
"SCIU9PR","Forestry"
"SCIU9PR","Geography"
"SCIU9PR","Geology"
"SCIU9PR","Geospatial Science"
"SCIU9PR","Hydrology"
"SCIU9PR","Physics"
"SCIU9PR","Pollution"
"SCIU9PR","Resource Exploitation"
"SCIU9PR","Soil Science"
"SCIU9PR","Sustainability"
"SCIU9PR","Waste Management"
"SCIU9PR","Water Resources"
"SCIU9PR","Agriculture"
"SCIU9PR","Aquaculture"
"SCIU9PR","Atmospheric Science"
"SCIU9PR","Biology"
"SCIU9PR","Chemistry"
"SCIU9PR","Climate Science"
"SCIU9PR","Conservation"
"SCIU9PR","Ecology"
"SCIU9PR","Energy"
"SCIU9PR","Forestry"
"SCIU9PR","Geography"
"SCIU9PR","Geology"
"SCIU9PR","Geospatial Science"
"SCIU9PR","Hydrology"
"SCIU9PR","Physics"
"SCIU9PR","Pollution"
"SCIU9PR","Resource Exploitation"
"SCIU9PR","Soil Science"
"SCIU9PR","Sustainability"
"SCIU9PR","Waste Management"
"SCIU9PR","Water Resources"
"EPLPPG2","Agriculture"
"EPLPPG2","Aquaculture"
"EPLPPG2","Climate Science"
"EPLPPG2","Conservation"
"EPLPPG2","Ecology"
"EPLPPG2","Forestry"
"EPLPPG2","Geography"
"EPLPPG2","Geology"
"EPLPPG2","Geospatial Science"
"EPLPPG2","Hydrology"
"EPLPPG2","Soil Science"
"EPLPPG2","Water Resources"
"ENMPG23","Climate Science"
"ENMPG23","Energy"
"ENMPG23","Pollution"
"ENMPG23","Resource Exploitation"
"ENMPG23","Sustainability"
"GEOU1PP","Agriculture"
"GEOU1PP","Atmospheric Science"
"GEOU1PP","Climate Science"
"GEOU1PP","Geography"
"GEOU1PP","Hydrology"
"GEOU1PP","Soil Science"
"GEOU1PP","Sustainability"
"GEOU1PP","Water Resources"
"EOEU1OE","Conservation"
"EOEU1OE","Geography"
"EOEU1OE","Geology"
"EOEU1OE","Sustainability"
"EOEU3OE","Conservation"
"EOEU3OE","Geography"
"EOEU3OE","Geology"
"EOEU3OE","Sustainability"
"EOEU6S6","Conservation"
"EOEU6S6","Geography"
"EOEU6S6","Geology"
"EOEU6S6","Sustainability"
"EPLPPG3","Agriculture"
"EPLPPG3","Aquaculture"
"EPLPPG3","Atmospheric Science"
"EPLPPG3","Biology"
"EPLPPG3","Climate Science"
"EPLPPG3","Geography"
"EPLPPG3","Geology"
"EPLPPG3","Geospatial Science"
"EPLPPG3","Hydrology"
"EPLPPG3","Physics"
"EPLPPG3","Pollution"
"EPLPPG3","Sustainability"
"EPLPPG3","Water Resources"
